TEST_ID,DATETIME_UTC,HOUR,APP_PLATFORM,APP_VERSION,DEVICE_UUID,IPV4,ISP,MOBILE_ISP,NET_TYPE,NET_MODE,NET_CELL_GEN,NET_NAME,MOBILE_SIM_MCC,MOBILE_SIM_MNC,MOBILE_SIM_OP,MOBILE_NET_MCC,MOBILE_NET_MNC,MOBILE_RSSI_START,MOBILE_RSSI_END,MOBILE_RSRP_START,MOBILE_RSRP_END,LOCATION_TYPE,LOCATION_ACCURACY,LOCATION_LAT,LOCATION_LNG,LOCATION_FULL_ADDRESS,SPEED_SERVER_POOL_NAME,SPEED_DOWNLOAD_AVG,SPEED_DOWNLOAD_PEAK,SPEED_UPLOAD_AVG,SPEED_UPLOAD_PEAK,SPEED_LATENCY_AVG,SPEED_LATENCY_MIN,SPEED_LATENCY_JITTER,BROWSE_STATUS,BROWSE_PR,STREAM_STATUS,STREAM_PR,NPERF_SCORE,MIN_TEMP,MAX_TEMP,PRECIP,Period,LOC_CODE,WEATHER
3225592695437421,2019-11-29,3:00:33,android,2.4.11,c83a120c-82e9-3f9f-880e-e0f7bbbf29a9,177.58.245.x,Claro Mobile BR,Claro Mobile BR,mobile,lte,4,Claro,724,5,Claro BR,724,5,,,-102,-94,gps,19,-23.55953,-46.64884,"Rua Almirante Marques de Leão, Bela Vista, São Paulo, Região Imediata de São Paulo, RMSP, Região Intermediária de São Paulo, São Paulo, Southeast Region, 01330000, Brazil",BR Sistemax 10G - Sao Paulo,4703,6936,11703,12775,39,36,11,OK,39.77,OK,83.56,41201,14.8,25.4,6.1,Morning,A,Cloudy
3225592380017823,2019-11-29,2:57:59,android,2.4.11,c83a120c-82e9-3f9f-880e-e0f7bbbf29a9,177.58.245.x,Claro Mobile BR,Claro Mobile BR,mobile,hspap,3,Claro,724,5,Claro BR,724,5,-75,-77,,,gps,18,-23.55953,-46.64882,"Rua Almirante Marques de Leão, Bela Vista, São Paulo, Região Imediata de São Paulo, RMSP, Região Intermediária de São Paulo, São Paulo, Southeast Region, 01330000, Brazil",BR Sistemax 10G - Sao Paulo,3451,5608,1780,2887,204,35,432,OK,39.6,OK,82.89,30003,14.8,25.4,6.1,Morning,A,Cloudy
3225591777470667,2019-11-29,2:53:05,android,2.4.11,c83a120c-82e9-3f9f-880e-e0f7bbbf29a9,189.40.74.x,TIM Mobile BR,TIM Mobile BR,mobile,lte,4,TIM,724,3,TIM,724,3,,,-88,-100,gps,19,-23.55953,-46.64881,"Rua Almirante Marques de Leão, Bela Vista, São Paulo, Região Imediata de São Paulo, RMSP, Região Intermediária de São Paulo, São Paulo, Southeast Region, 01330000, Brazil",BR Sistemax 10G - Sao Paulo,21439,24791,19265,21453,49,33,94,OK,40.38,OK,86.07,60630,14.8,25.4,6.1,Morning,A,Cloudy
3225591464094509,2019-11-29,2:50:32,android,2.4.11,c83a120c-82e9-3f9f-880e-e0f7bbbf29a9,189.40.74.x,TIM Mobile BR,TIM Mobile BR,mobile,hspap,3,TIM,724,3,TIM,724,3,-73,-67,,,gps,20,-23.55953,-46.64882,"Rua Almirante Marques de Leão, Bela Vista, São Paulo, Região Imediata de São Paulo, RMSP, Região Intermediária de São Paulo, São Paulo, Southeast Region, 01330000, Brazil",BR Sistemax 10G - Sao Paulo,9340,11339,3290,3342,35,30,7,OK,38.41,OK,85.13,43946,14.8,25.4,6.1,Morning,A,Cloudy
3.23E+15,2019-11-28,11:07:14,android,2.4.11,c83a120c-82e9-3f9f-880e-e0f7bbbf29a9,189.92.122.x,Claro Mobile BR,Claro Mobile BR,mobile,lte,4,Claro,724,5,Claro BR,724,5,,,-100,-96,gps,19,-23.55953,-46.64882,"Rua Almirante Marques de Leão, Bela Vista, São Paulo, Região Imediata de São Paulo, RMSP, Região Intermediária de São Paulo, São Paulo, Southeast Region, 01330000, Brazil",BR Sistemax 10G - Sao Paulo,12364,18962,8526,10831,47,40,14,Timeout,20.85,OK,87.89,42046,19.4,21,24.4,Morning,A,Raining
3225472389185522,2019-11-28,10:41:30,android,2.4.11,c83a120c-82e9-3f9f-880e-e0f7bbbf29a9,189.92.122.x,Claro Mobile BR,Claro Mobile BR,mobile,lte,4,unknown,724,5,Claro BR,724,5,,,-95,-97,gps,19,-23.55954,-46.64882,"Rua Almirante Marques de Leão, Bela Vista, São Paulo, Região Imediata de São Paulo, RMSP, Região Intermediária de São Paulo, São Paulo, Southeast Region, 01330000, Brazil",BR Sistemax 10G - Sao Paulo,7749,14478,15179,18000,44,37,17,OK,35.21,OK,87.8,46735,19.4,21,24.4,Morning,A,Raining
3.23E+15,2019-11-28,10:35:12,android,2.4.11,c83a120c-82e9-3f9f-880e-e0f7bbbf29a9,189.92.122.x,Claro Mobile BR,Claro Mobile BR,mobile,hspap,3,Claro,724,5,Claro BR,724,5,-77,-77,,,gps,20,-23.55954,-46.64881,"Rua Almirante Marques de Leão, Bela Vista, São Paulo, Região Imediata de São Paulo, RMSP, Região Intermediária de São Paulo, São Paulo, Southeast Region, 01330000, Brazil",BR Sistemax 10G - Sao Paulo,2046,3684,1214,1654,118,45,578,OK,36.52,OK,82.03,20868,19.4,21,24.4,Morning,A,Raining
3225469781599616,2019-11-28,10:20:16,android,2.4.11,c83a120c-82e9-3f9f-880e-e0f7bbbf29a9,189.40.91.x,TIM Mobile BR,TIM Mobile BR,mobile,lte,4,TIM,724,3,TIM,724,3,,,-92,-96,gps,19,-23.55954,-46.64881,"Rua Almirante Marques de Leão, Bela Vista, São Paulo, Região Imediata de São Paulo, RMSP, Região Intermediária de São Paulo, São Paulo, Southeast Region, 01330000, Brazil",BR Sistemax 10G - Sao Paulo,17047,31322,11491,14139,48,35,14,OK,58.64,OK,85.79,62929,19.4,21,24.4,Morning,A,Raining
3225469413798621,2019-11-28,10:17:17,android,2.4.11,c83a120c-82e9-3f9f-880e-e0f7bbbf29a9,189.40.91.x,TIM Mobile BR,TIM Mobile BR,mobile,hspap,3,TIM,724,3,TIM,724,3,-67,-53,,,gps,18,-23.55953,-46.6488,"Rua Almirante Marques de Leão, Bela Vista, São Paulo, Região Imediata de São Paulo, RMSP, Região Intermediária de São Paulo, São Paulo, Southeast Region, 01330000, Brazil",BR Sistemax 10G - Sao Paulo,11815,14645,3002,3241,34,29,9,OK,32.2,OK,84.58,43680,19.4,21,24.4,Morning,A,Raining
3.23E+15,2019-11-27,17:52:55,android,2.4.11,c83a120c-82e9-3f9f-880e-e0f7bbbf29a9,179.241.200.x,Claro Mobile BR,Claro Mobile BR,mobile,lte,4,Claro,724,5,Claro BR,724,5,,,-90,-88,gps,19,-23.55952,-46.64878,"Rua Almirante Marques de Leão, Bela Vista, São Paulo, Região Imediata de São Paulo, RMSP, Região Intermediária de São Paulo, São Paulo, Southeast Region, 01330000, Brazil",BR Sistemax 10G - Sao Paulo,762,1555,7821,10503,42,33,30,OK,39.45,OK,84.7,27438,19.3,28.5,0,Afternoon,A,Clear
3225348182880154,2019-11-27,17:50:42,android,2.4.11,c83a120c-82e9-3f9f-880e-e0f7bbbf29a9,179.241.200.x,Claro Mobile BR,Claro Mobile BR,mobile,hspap,3,Claro,724,5,Claro BR,724,5,-83,-81,,,gps,19,-23.55952,-46.64875,"Rua Almirante Marques de Leão, Bela Vista, São Paulo, Região Imediata de São Paulo, RMSP, Região Intermediária de São Paulo, São Paulo, Southeast Region, 01330000, Brazil",BR Sistemax 10G - Sao Paulo,1999,4686,423,507,55,50,10,Timeout,25.02,OK,76.84,15376,19.3,28.5,0,Afternoon,A,Clear
3.23E+15,2019-11-27,17:46:05,android,2.4.11,c83a120c-82e9-3f9f-880e-e0f7bbbf29a9,189.40.75.x,TIM Mobile BR,TIM Mobile BR,mobile,lte,4,TIM,724,3,TIM,724,3,,,-81,-90,gps,21,-23.55955,-46.64871,"Rua Almirante Marques de Leão, Bela Vista, São Paulo, Região Imediata de São Paulo, RMSP, Região Intermediária de São Paulo, São Paulo, Southeast Region, 01330000, Brazil",BR Sistemax 10G - Sao Paulo,3074,4451,26331,29109,38,31,15,OK,38.96,OK,88.26,44367,19.3,28.5,0,Afternoon,A,Clear
3225345918481099,2019-11-27,17:32:16,android,2.4.11,c83a120c-82e9-3f9f-880e-e0f7bbbf29a9,189.40.75.x,TIM Mobile BR,TIM Mobile BR,mobile,hspap,3,TIM,724,3,TIM,724,3,-73,-63,,,gps,19,-23.55954,-46.64881,"Rua Almirante Marques de Leão, Bela Vista, São Paulo, Região Imediata de São Paulo, RMSP, Região Intermediária de São Paulo, São Paulo, Southeast Region, 01330000, Brazil",BR Sistemax 10G - Sao Paulo,5025,6343,3271,3390,39,33,13,Timeout,21.14,OK,82.29,30896,19.3,28.5,0,Afternoon,A,Clear
3225300195604276,2019-11-27,11:20:11,android,2.4.11,c83a120c-82e9-3f9f-880e-e0f7bbbf29a9,179.242.171.x,Claro Mobile BR,Claro Mobile BR,mobile,lte,4,Claro,724,5,Claro BR,724,5,,,-96,-96,gps,19,-23.55953,-46.64879,"Rua Almirante Marques de Leão, Bela Vista, São Paulo, Região Imediata de São Paulo, RMSP, Região Intermediária de São Paulo, São Paulo, Southeast Region, 01330000, Brazil",BR Sistemax 10G - Sao Paulo,15754,21660,13192,15784,44,39,10,OK,41.66,OK,89.53,55748,19.3,28.5,0,Morning,A,Clear
3225299844793656,2019-11-27,11:17:19,android,2.4.11,c83a120c-82e9-3f9f-880e-e0f7bbbf29a9,179.242.171.x,Claro Mobile BR,Claro Mobile BR,mobile,hspap,3,Claro,724,5,Claro BR,724,5,-75,-75,,,gps,19,-23.55953,-46.64882,"Rua Almirante Marques de Leão, Bela Vista, São Paulo, Região Imediata de São Paulo, RMSP, Região Intermediária de São Paulo, São Paulo, Southeast Region, 01330000, Brazil",BR Sistemax 10G - Sao Paulo,2657,6113,966,1040,187,40,487,OK,38.21,OK,81.79,23878,19.3,28.5,0,Morning,A,Clear
3225299208275688,2019-11-27,11:12:09,android,2.4.11,c83a120c-82e9-3f9f-880e-e0f7bbbf29a9,189.40.74.x,TIM Mobile BR,TIM Mobile BR,mobile,lte,4,TIM,724,3,TIM,724,3,,,-89,-97,gps,18,-23.55954,-46.64879,"Rua Almirante Marques de Leão, Bela Vista, São Paulo, Região Imediata de São Paulo, RMSP, Região Intermediária de São Paulo, São Paulo, Southeast Region, 01330000, Brazil",BR Sistemax 10G - Sao Paulo,11401,18196,9593,11775,42,35,13,OK,37.48,OK,82.39,47613,19.3,28.5,0,Morning,A,Clear
3225295383865962,2019-11-27,10:41:01,android,2.4.11,c83a120c-82e9-3f9f-880e-e0f7bbbf29a9,189.40.74.x,TIM Mobile BR,TIM Mobile BR,mobile,hspap,3,TIM,724,3,TIM,724,3,-75,-67,,,gps,18,-23.55953,-46.64882,"Rua Almirante Marques de Leão, Bela Vista, São Paulo, Região Imediata de São Paulo, RMSP, Região Intermediária de São Paulo, São Paulo, Southeast Region, 01330000, Brazil",BR Sistemax 10G - Sao Paulo,5515,7847,3179,3353,40,33,18,OK,31.14,OK,84.15,35135,19.3,28.5,0,Morning,A,Clear
3225155140177008,2019-11-26,15:39:43,android,2.4.11,c83a120c-82e9-3f9f-880e-e0f7bbbf29a9,179.242.169.x,Claro Mobile BR,Claro Mobile BR,mobile,lte,4,Claro,724,5,Claro BR,724,5,,,-103,-102,gps,18,-23.55117,-46.64177,"3º Cartório de Registro de Imóveis, 23, Rua Jacareí, República, São Paulo, Região Imediata de São Paulo, RMSP, Região Intermediária de São Paulo, São Paulo, Southeast Region, 01319-070, Brazil",BR Sistemax 10G - Sao Paulo,815,1500,1816,2024,48,38,29,OK,35.48,OK,81.61,18421,16,30.5,0,Afternoon,B,Clear
3225154835482186,2019-11-26,15:37:14,android,2.4.11,c83a120c-82e9-3f9f-880e-e0f7bbbf29a9,179.242.169.x,Claro Mobile BR,Claro Mobile BR,mobile,hspap,3,Claro,724,5,Claro BR,724,5,-75,-73,,,gps,20,-23.55117,-46.64177,"3º Cartório de Registro de Imóveis, 23, Rua Jacareí, República, São Paulo, Região Imediata de São Paulo, RMSP, Região Intermediária de São Paulo, São Paulo, Southeast Region, 01319-070, Brazil",BR Sistemax 10G - Sao Paulo,9984,12178,3366,3459,44,38,9,OK,38.83,OK,77.76,39577,16,30.5,0,Afternoon,B,Clear
3225154194782769,2019-11-26,15:32:01,android,2.4.11,c83a120c-82e9-3f9f-880e-e0f7bbbf29a9,189.40.72.x,TIM Mobile BR,TIM Mobile BR,mobile,lte,4,TIM,724,3,TIM,724,3,,,-103,-105,gps,19,-23.55117,-46.64177,"3º Cartório de Registro de Imóveis, 23, Rua Jacareí, República, São Paulo, Região Imediata de São Paulo, RMSP, Região Intermediária de São Paulo, São Paulo, Southeast Region, 01319-070, Brazil",BR Sistemax 10G - Sao Paulo,2129,4200,2467,3034,257,51,882,Timeout,18.48,OK,73.19,17289,16,30.5,0,Afternoon,B,Clear
3225153807062041,2019-11-26,15:28:52,android,2.4.11,c83a120c-82e9-3f9f-880e-e0f7bbbf29a9,189.40.72.x,TIM Mobile BR,TIM Mobile BR,mobile,hspap,3,TIM,724,3,TIM,724,3,-93,-91,,,gps,18,-23.55117,-46.64178,"3º Cartório de Registro de Imóveis, 23, Rua Jacareí, República, São Paulo, Região Imediata de São Paulo, RMSP, Região Intermediária de São Paulo, São Paulo, Southeast Region, 01319-070, Brazil",BR Sistemax 10G - Sao Paulo,2139,2834,267,518,420,49,390,Timeout,13.68,OK,70.27,13021,16,30.5,0,Afternoon,B,Clear
3225022464409402,2019-11-25,21:40:00,android,2.4.11,c83a120c-82e9-3f9f-880e-e0f7bbbf29a9,187.26.163.x,Claro Mobile BR,Claro Mobile BR,mobile,lte,4,Claro,724,5,Claro BR,724,5,,,-103,-104,gps,25,-23.65161,-46.52759,"Passagem subterrânea para acesso aos terminais., Várzea do Tamanduateí, Santo André, Região Imediata de São Paulo, RMSP, Região Intermediária de São Paulo, São Paulo, Southeast Region, 09015-300, Brazil",BR Mega Fibra 1G - Sao Paulo,864,1679,7640,9390,42,36,9,Timeout,14.06,OK,47.78,13348,14.5,24.2,0,Evening,C,Cloudy
3225021685353293,2019-11-25,21:33:39,android,2.4.11,c83a120c-82e9-3f9f-880e-e0f7bbbf29a9,189.40.90.x,TIM Mobile BR,TIM Mobile BR,mobile,lte,4,TIM,724,3,TIM,724,3,,,-107,-105,gps,19,-23.65175,-46.52774,"CPTM, Passagem subterrânea para acesso aos terminais., Centro, Santo André, Região Imediata de São Paulo, RMSP, Região Intermediária de São Paulo, São Paulo, Southeast Region, 09015-300, Brazil",BR Mega Fibra 1G - Sao Paulo,25,95,462,769,83,57,67,Timeout,1.95,OK,0,152,14.5,24.2,0,Evening,C,Cloudy
3224994522196662,2019-11-25,17:52:36,android,2.4.11,c83a120c-82e9-3f9f-880e-e0f7bbbf29a9,187.26.150.x,Claro Mobile BR,Claro Mobile BR,mobile,lte,4,Claro,724,5,Claro BR,724,5,,,-100,-100,gps,18,-23.55117,-46.64178,"3º Cartório de Registro de Imóveis, 23, Rua Jacareí, República, São Paulo, Região Imediata de São Paulo, RMSP, Região Intermediária de São Paulo, São Paulo, Southeast Region, 01319-070, Brazil",BR Sistemax 10G - Sao Paulo,22489,29943,8029,9291,38,36,4,OK,44.79,OK,89.23,59090,14.5,24.2,0,Afternoon,B,Cloudy
3224994197012731,2019-11-25,17:49:57,android,2.4.11,c83a120c-82e9-3f9f-880e-e0f7bbbf29a9,187.26.150.x,Claro Mobile BR,Claro Mobile BR,mobile,hspap,3,Claro,724,5,Claro BR,724,5,-81,-81,,,gps,19,-23.55115,-46.64176,"3º Cartório de Registro de Imóveis, 23, Rua Jacareí, República, São Paulo, Região Imediata de São Paulo, RMSP, Região Intermediária de São Paulo, São Paulo, Southeast Region, 01319-070, Brazil",BR Sistemax 10G - Sao Paulo,12424,13415,3369,3471,95,38,4,OK,33.71,OK,85.97,42677,14.5,24.2,0,Afternoon,B,Cloudy
3224993564721387,2019-11-25,17:44:49,android,2.4.11,c83a120c-82e9-3f9f-880e-e0f7bbbf29a9,189.40.89.x,TIM Mobile BR,TIM Mobile BR,mobile,lte,4,TIM,724,3,TIM,724,3,,,-104,-113,gps,18,-23.55118,-46.64176,"3º Cartório de Registro de Imóveis, 23, Rua Jacareí, República, São Paulo, Região Imediata de São Paulo, RMSP, Região Intermediária de São Paulo, São Paulo, Southeast Region, 01319-070, Brazil",BR Sistemax 10G - Sao Paulo,2548,3983,2251,3086,351,43,29,Timeout,18.44,OK,84.91,21926,14.5,24.2,0,Afternoon,B,Cloudy
3224993196790868,2019-11-25,17:41:49,android,2.4.11,c83a120c-82e9-3f9f-880e-e0f7bbbf29a9,189.40.89.x,TIM Mobile BR,TIM Mobile BR,mobile,hspap,3,TIM,724,3,TIM,724,3,-91,-87,,,gps,18,-23.55118,-46.64176,"3º Cartório de Registro de Imóveis, 23, Rua Jacareí, República, São Paulo, Região Imediata de São Paulo, RMSP, Região Intermediária de São Paulo, São Paulo, Southeast Region, 01319-070, Brazil",BR Sistemax 10G - Sao Paulo,2586,3151,3281,3361,57,49,43,OK,33.26,OK,81.74,24710,14.5,24.2,0,Afternoon,B,Cloudy
3224962337948962,2019-11-25,13:30:41,android,2.4.11,c83a120c-82e9-3f9f-880e-e0f7bbbf29a9,179.241.219.x,Claro Mobile BR,Claro Mobile BR,mobile,lte,4,Claro,724,5,Claro BR,724,5,,,-102,-107,gps,18,-23.55119,-46.64177,"3º Cartório de Registro de Imóveis, 23, Rua Jacareí, República, São Paulo, Região Imediata de São Paulo, RMSP, Região Intermediária de São Paulo, São Paulo, Southeast Region, 01319-070, Brazil",BR Sistemax 10G - Sao Paulo,17715,22555,7931,9972,48,43,11,OK,42.89,OK,90.19,53969,14.5,24.2,0,Afternoon,B,Cloudy
3224961994025288,2019-11-25,13:27:53,android,2.4.11,c83a120c-82e9-3f9f-880e-e0f7bbbf29a9,179.241.219.x,Claro Mobile BR,Claro Mobile BR,mobile,hspap,3,Claro,724,5,Claro BR,724,5,-79,-71,,,gps,18,-23.55118,-46.64177,"3º Cartório de Registro de Imóveis, 23, Rua Jacareí, República, São Paulo, Região Imediata de São Paulo, RMSP, Região Intermediária de São Paulo, São Paulo, Southeast Region, 01319-070, Brazil",BR Sistemax 10G - Sao Paulo,7673,8934,3172,3376,50,43,17,OK,37.5,OK,84.54,37313,14.5,24.2,0,Afternoon,B,Cloudy
3224961224796982,2019-11-25,13:21:38,android,2.4.11,c83a120c-82e9-3f9f-880e-e0f7bbbf29a9,189.40.72.x,TIM Mobile BR,TIM Mobile BR,mobile,lte,4,TIM,724,3,TIM,724,3,,,-106,-110,gps,18,-23.55118,-46.64177,"3º Cartório de Registro de Imóveis, 23, Rua Jacareí, República, São Paulo, Região Imediata de São Paulo, RMSP, Região Intermediária de São Paulo, São Paulo, Southeast Region, 01319-070, Brazil",BR Sistemax 10G - Sao Paulo,3373,5044,968,1455,111,43,92,OK,32.87,OK,80.25,23691,14.5,24.2,0,Afternoon,B,Cloudy
3224960740544593,2019-11-25,13:17:41,android,2.4.11,c83a120c-82e9-3f9f-880e-e0f7bbbf29a9,189.40.72.x,TIM Mobile BR,TIM Mobile BR,mobile,hspap,3,TIM,724,3,TIM,724,3,-99,-93,,,gps,18,-23.55118,-46.64176,"3º Cartório de Registro de Imóveis, 23, Rua Jacareí, República, São Paulo, Região Imediata de São Paulo, RMSP, Região Intermediária de São Paulo, São Paulo, Southeast Region, 01319-070, Brazil",BR Sistemax 10G - Sao Paulo,2429,3749,81,204,51,48,13,Timeout,4.34,OK,66.76,11660,14.5,24.2,0,Afternoon,B,Cloudy
3224501461842283,2019-11-22,23:00:04,android,2.4.11,c83a120c-82e9-3f9f-880e-e0f7bbbf29a9,179.242.191.x,Claro Mobile BR,Claro Mobile BR,mobile,lte,4,Claro,724,5,Claro BR,724,5,,,-105,-104,gps,20,-23.55954,-46.64882,"Rua Almirante Marques de Leão, Bela Vista, São Paulo, Região Imediata de São Paulo, RMSP, Região Intermediária de São Paulo, São Paulo, Southeast Region, 01330000, Brazil",BR Sistemax 10G - Sao Paulo,10785,20202,3389,4309,89,43,395,OK,38.59,OK,80.67,39902,19.2,32,0,Evening,A,Clear
3224500782058884,2019-11-22,22:54:32,android,2.4.11,c83a120c-82e9-3f9f-880e-e0f7bbbf29a9,179.242.191.x,Claro Mobile BR,Claro Mobile BR,mobile,hspap,3,Claro,724,5,Claro BR,724,5,-81,-71,,,gps,22,-23.55952,-46.64885,"Rua Almirante Marques de Leão, Bela Vista, São Paulo, Região Imediata de São Paulo, RMSP, Região Intermediária de São Paulo, São Paulo, Southeast Region, 01330000, Brazil",BR Sistemax 10G - Sao Paulo,2964,5149,797,942,52,45,18,OK,45.5,OK,80.9,24379,19.2,32,0,Evening,A,Clear
3224500150004737,2019-11-22,22:49:23,android,2.4.11,c83a120c-82e9-3f9f-880e-e0f7bbbf29a9,189.40.74.x,TIM Mobile BR,TIM Mobile BR,mobile,lte,4,TIM,724,3,TIM,724,3,,,-99,-95,gps,20,-23.55955,-46.64882,"Rua Almirante Marques de Leão, Bela Vista, São Paulo, Região Imediata de São Paulo, RMSP, Região Intermediária de São Paulo, São Paulo, Southeast Region, 01330000, Brazil",BR Sistemax 10G - Sao Paulo,12267,16969,14545,17448,38,36,5,OK,38.86,OK,88.76,53161,19.2,32,0,Evening,A,Clear
3224498138181328,2019-11-22,22:33:01,android,2.4.11,c83a120c-82e9-3f9f-880e-e0f7bbbf29a9,189.40.74.x,TIM Mobile BR,TIM Mobile BR,mobile,hspap,3,TIM,724,3,TIM,724,3,-81,-71,,,gps,20,-23.55955,-46.6488,"Rua Almirante Marques de Leão, Bela Vista, São Paulo, Região Imediata de São Paulo, RMSP, Região Intermediária de São Paulo, São Paulo, Southeast Region, 01330000, Brazil",BR Sistemax 10G - Sao Paulo,8537,11968,1065,1216,51,45,11,OK,33.39,OK,82.1,32068,19.2,32,0,Evening,A,Clear
3224479074242056,2019-11-22,19:57:52,android,2.4.11,c83a120c-82e9-3f9f-880e-e0f7bbbf29a9,179.242.161.x,Claro Mobile BR,Claro Mobile BR,mobile,lte,4,Claro,724,5,Claro BR,724,5,,,-85,-84,gps,20,-23.55078,-46.64201,"Edifício Viadutos, 19, Praça General Craveiro Lopes, República, São Paulo, Região Imediata de São Paulo, RMSP, Região Intermediária de São Paulo, São Paulo, Southeast Region, 01319-070, Brazil",BR Sistemax 10G - Sao Paulo,15402,20532,15063,17113,48,41,10,OK,39.66,OK,89.46,54728,19.2,32,0,Evening,B,Clear
3224478806760464,2019-11-22,19:55:42,android,2.4.11,c83a120c-82e9-3f9f-880e-e0f7bbbf29a9,179.242.161.x,Claro Mobile BR,Claro Mobile BR,mobile,hspap,3,Claro,724,5,Claro BR,724,5,-61,-59,,,gps,22,-23.55076,-46.64202,"Viaduto Jacareí, República, São Paulo, Região Imediata de São Paulo, RMSP, Região Intermediária de São Paulo, São Paulo, Southeast Region, 01319-070, Brazil",BR Sistemax 10G - Sao Paulo,4676,7644,3236,3324,645,45,21,OK,36.74,OK,69.61,28140,19.2,32,0,Evening,B,Clear
3224478070289915,2019-11-22,19:49:42,android,2.4.11,c83a120c-82e9-3f9f-880e-e0f7bbbf29a9,189.40.90.x,TIM Mobile BR,TIM Mobile BR,mobile,lte,4,TIM,724,3,TIM,724,3,,,-101,-100,gps,43,-23.55052,-46.6422,"Viaduto Nove de Julho, República, São Paulo, Região Imediata de São Paulo, RMSP, Região Intermediária de São Paulo, São Paulo, Southeast Region, 01312-000, Brazil",BR Sistemax 10G - Sao Paulo,762,1020,3249,4223,42,37,12,Timeout,17.93,OK,48.24,11726,19.2,32,0,Evening,B,Clear
3224477722506587,2019-11-22,19:46:52,android,2.4.11,c83a120c-82e9-3f9f-880e-e0f7bbbf29a9,189.40.90.x,TIM Mobile BR,TIM Mobile BR,mobile,hspap,3,TIM,724,3,TIM,724,3,-75,-79,,,gps,19,-23.55081,-46.64202,"Edifício Viadutos, 19, Praça General Craveiro Lopes, República, São Paulo, Região Imediata de São Paulo, RMSP, Região Intermediária de São Paulo, São Paulo, Southeast Region, 01319-070, Brazil",BR Sistemax 10G - Sao Paulo,253,554,936,1165,73,46,49,Timeout,21.77,OK,77.51,10560,19.2,32,0,Evening,B,Clear
3224436936075571,2019-11-22,14:14:57,android,2.4.11,c83a120c-82e9-3f9f-880e-e0f7bbbf29a9,179.242.179.x,Claro Mobile BR,Claro Mobile BR,mobile,hspap,3,Claro,724,5,Claro BR,724,5,-83,-79,,,gps,22,-23.55954,-46.6488,"Rua Almirante Marques de Leão, Bela Vista, São Paulo, Região Imediata de São Paulo, RMSP, Região Intermediária de São Paulo, São Paulo, Southeast Region, 01330000, Brazil",BR Sistemax 10G - Sao Paulo,5210,5637,3306,3331,72,64,26,OK,36.16,OK,82.48,29055,19.2,32,0,Afternoon,A,Clear
3224436592426102,2019-11-22,14:12:09,android,2.4.11,c83a120c-82e9-3f9f-880e-e0f7bbbf29a9,179.241.220.x,Claro Mobile BR,Claro Mobile BR,mobile,lte,4,Claro,724,5,Claro BR,724,5,,,-105,-99,gps,20,-23.55954,-46.6488,"Rua Almirante Marques de Leão, Bela Vista, São Paulo, Região Imediata de São Paulo, RMSP, Região Intermediária de São Paulo, São Paulo, Southeast Region, 01330000, Brazil",BR Sistemax 10G - Sao Paulo,5987,8990,4241,5102,105,42,584,Timeout,22.17,OK,86.22,32447,19.2,32,0,Afternoon,A,Clear
3224435506108869,2019-11-22,14:03:19,android,2.4.11,c83a120c-82e9-3f9f-880e-e0f7bbbf29a9,189.40.73.x,TIM Mobile BR,TIM Mobile BR,mobile,lte,4,TIM,724,3,TIM,724,3,,,-100,-100,gps,22,-23.55954,-46.6488,"Rua Almirante Marques de Leão, Bela Vista, São Paulo, Região Imediata de São Paulo, RMSP, Região Intermediária de São Paulo, São Paulo, Southeast Region, 01330000, Brazil",BR Sistemax 10G - Sao Paulo,14997,19802,16244,17920,39,35,7,OK,42.41,OK,89.15,57784,19.2,32,0,Afternoon,A,Clear
3224435197590142,2019-11-22,14:00:48,android,2.4.11,c83a120c-82e9-3f9f-880e-e0f7bbbf29a9,189.40.73.x,TIM Mobile BR,TIM Mobile BR,mobile,hspap,3,TIM,724,3,TIM,724,3,-71,-65,,,gps,22,-23.55955,-46.6488,"Rua Almirante Marques de Leão, Bela Vista, São Paulo, Região Imediata de São Paulo, RMSP, Região Intermediária de São Paulo, São Paulo, Southeast Region, 01330000, Brazil",BR Sistemax 10G - Sao Paulo,5917,8738,3233,3280,73,47,227,OK,36.56,OK,85.35,33971,19.2,32,0,Afternoon,A,Clear
3224320128387898,2019-11-21,22:24:22,android,2.4.11,c83a120c-82e9-3f9f-880e-e0f7bbbf29a9,189.40.89.x,TIM Mobile BR,TIM Mobile BR,mobile,hspap,3,TIM,724,3,TIM,724,3,-73,-57,,,gps,20,-23.55956,-46.64874,"Rua Almirante Marques de Leão, Bela Vista, São Paulo, Região Imediata de São Paulo, RMSP, Região Intermediária de São Paulo, São Paulo, Southeast Region, 01330000, Brazil",BR Sistemax 10G - Sao Paulo,8454,12398,3194,3347,37,34,12,OK,37.25,OK,81.47,39771,19.2,29.9,0,Evening,A,Clear
3224319241974705,2019-11-21,22:17:09,android,2.4.11,c83a120c-82e9-3f9f-880e-e0f7bbbf29a9,189.40.91.x,TIM Mobile BR,TIM Mobile BR,mobile,lte,4,TIM,724,3,TIM,724,3,,,-97,-91,gps,21,-23.55955,-46.64874,"Rua Almirante Marques de Leão, Bela Vista, São Paulo, Região Imediata de São Paulo, RMSP, Região Intermediária de São Paulo, São Paulo, Southeast Region, 01330000, Brazil",BR Sistemax 10G - Sao Paulo,11516,17005,335,667,330,32,432,OK,38.89,OK,82.39,38730,19.2,29.9,0,Evening,A,Clear
3224318674276493,2019-11-21,22:12:32,android,2.4.11,c83a120c-82e9-3f9f-880e-e0f7bbbf29a9,187.26.149.x,Claro Mobile BR,Claro Mobile BR,mobile,hspap,3,Claro,724,5,Claro BR,724,5,-81,-81,,,gps,20,-23.55954,-46.64877,"Rua Almirante Marques de Leão, Bela Vista, São Paulo, Região Imediata de São Paulo, RMSP, Região Intermediária de São Paulo, São Paulo, Southeast Region, 01330000, Brazil",BR Sistemax 10G - Sao Paulo,801,1772,3267,3366,44,38,23,Timeout,24.14,OK,81.63,18660,19.2,29.9,0,Evening,A,Clear
3224318191085271,2019-11-21,22:08:36,android,2.4.11,c83a120c-82e9-3f9f-880e-e0f7bbbf29a9,179.241.216.x,Claro Mobile BR,Claro Mobile BR,mobile,lte,4,Claro,724,5,Claro BR,724,5,,,-105,-100,gps,22,-23.55954,-46.64877,"Rua Almirante Marques de Leão, Bela Vista, São Paulo, Região Imediata de São Paulo, RMSP, Região Intermediária de São Paulo, São Paulo, Southeast Region, 01330000, Brazil",BR Sistemax 10G - Sao Paulo,15813,20076,2765,4156,96,45,448,Timeout,22.8,OK,88.31,39255,19.2,29.9,0,Evening,A,Clear
3224277381533629,2019-11-21,16:36:30,android,2.4.11,c83a120c-82e9-3f9f-880e-e0f7bbbf29a9,189.40.73.x,TIM Mobile BR,TIM Mobile BR,mobile,hspap,3,TIM,724,3,TIM,724,3,-83,-75,,,gps,20,-23.55065,-46.64207,"Viaduto Jacareí, República, São Paulo, Região Imediata de São Paulo, RMSP, Região Intermediária de São Paulo, São Paulo, Southeast Region, 01319-070, Brazil",BR Sistemax 10G - Sao Paulo,2514,4176,1066,1588,148,37,159,Timeout,21.66,OK,26.31,9800,19.2,29.9,0,Afternoon,B,Clear
3.22E+15,2019-11-21,16:33:48,android,2.4.11,c83a120c-82e9-3f9f-880e-e0f7bbbf29a9,189.40.88.x,TIM Mobile BR,TIM Mobile BR,mobile,lte,4,TIM,724,3,TIM,724,3,,,-90,-84,gps,23,-23.55071,-46.64214,"Viaduto Jacareí, República, São Paulo, Região Imediata de São Paulo, RMSP, Região Intermediária de São Paulo, São Paulo, Southeast Region, 01319-070, Brazil",BR Sistemax 10G - Sao Paulo,994,1936,9604,13373,39,28,18,OK,35.69,OK,68.01,26318,19.2,29.9,0,Afternoon,B,Clear
3224276351342111,2019-11-21,16:28:07,android,2.4.11,c83a120c-82e9-3f9f-880e-e0f7bbbf29a9,179.242.172.x,Claro Mobile BR,Claro Mobile BR,mobile,hspap,3,Claro,724,5,Claro BR,724,5,-59,-63,,,gps,32,-23.55072,-46.64198,"Viaduto Jacareí, República, São Paulo, Região Imediata de São Paulo, RMSP, Região Intermediária de São Paulo, São Paulo, Southeast Region, 01319-070, Brazil",BR Sistemax 10G - Sao Paulo,2181,4139,878,975,183,64,302,OK,32.2,OK,74.41,15452,19.2,29.9,0,Afternoon,B,Clear
3224275990097806,2019-11-21,16:25:10,android,2.4.11,c83a120c-82e9-3f9f-880e-e0f7bbbf29a9,179.241.216.x,Claro Mobile BR,Claro Mobile BR,mobile,lte,4,Claro,724,5,Claro BR,724,5,,,-89,-85,gps,21,-23.55061,-46.64185,"Viaduto Jacareí, República, São Paulo, Região Imediata de São Paulo, RMSP, Região Intermediária de São Paulo, São Paulo, Southeast Region, 01319-900, Brazil",BR Sistemax 10G - Sao Paulo,3070,5098,2271,2887,54,43,25,Timeout,22.99,OK,82.88,23868,19.2,29.9,0,Afternoon,B,Clear
3224256627078602,2019-11-21,13:47:36,android,2.4.11,c83a120c-82e9-3f9f-880e-e0f7bbbf29a9,189.40.72.x,TIM Mobile BR,TIM Mobile BR,mobile,hspap,3,TIM,724,3,TIM,724,3,-93,-97,,,gps,19,-23.55117,-46.64176,"3º Cartório de Registro de Imóveis, 23, Rua Jacareí, República, São Paulo, Região Imediata de São Paulo, RMSP, Região Intermediária de São Paulo, São Paulo, Southeast Region, 01319-070, Brazil",BR Sistemax 10G - Sao Paulo,337,606,985,1320,83,49,294,Timeout,12.63,OK,72.59,8837,19.2,29.9,0,Afternoon,B,Clear
3.22E+15,2019-11-21,13:43:31,android,2.4.11,c83a120c-82e9-3f9f-880e-e0f7bbbf29a9,189.40.89.x,TIM Mobile BR,TIM Mobile BR,mobile,lte,4,TIM,724,3,TIM,724,3,,,-107,-109,gps,25,-23.55113,-46.64177,"3º Cartório de Registro de Imóveis, 23, Rua Jacareí, República, São Paulo, Região Imediata de São Paulo, RMSP, Região Intermediária de São Paulo, São Paulo, Southeast Region, 01319-070, Brazil",BR Sistemax 10G - Sao Paulo,6653,10843,345,1034,46,36,16,OK,31.32,OK,85.76,31119,19.2,29.9,0,Afternoon,B,Clear
3224251173753123,2019-11-21,13:03:13,android,2.4.11,c83a120c-82e9-3f9f-880e-e0f7bbbf29a9,179.242.184.x,Claro Mobile BR,Claro Mobile BR,mobile,lte,4,Claro,724,5,Claro BR,724,5,,,-102,-103,gps,21,-23.55116,-46.64177,"3º Cartório de Registro de Imóveis, 23, Rua Jacareí, República, São Paulo, Região Imediata de São Paulo, RMSP, Região Intermediária de São Paulo, São Paulo, Southeast Region, 01319-070, Brazil",BR Sistemax 10G - Sao Paulo,2214,4181,461,685,120,45,12,OK,33.61,OK,84.59,19750,19.2,29.9,0,Afternoon,B,Clear
3224250327445736,2019-11-21,12:56:20,android,2.4.11,c83a120c-82e9-3f9f-880e-e0f7bbbf29a9,179.242.184.x,Claro Mobile BR,Claro Mobile BR,mobile,hspap,3,Claro,724,5,Claro BR,724,5,-73,-81,,,gps,21,-23.55117,-46.64177,"3º Cartório de Registro de Imóveis, 23, Rua Jacareí, República, São Paulo, Região Imediata de São Paulo, RMSP, Região Intermediária de São Paulo, São Paulo, Southeast Region, 01319-070, Brazil",BR Sistemax 10G - Sao Paulo,5601,9087,986,1077,122,48,713,OK,34.81,OK,85.76,28702,19.2,29.9,0,Afternoon,B,Clear
3224245690314059,2019-11-21,12:18:35,android,2.4.11,c83a120c-82e9-3f9f-880e-e0f7bbbf29a9,179.242.184.x,Claro Mobile BR,Claro Mobile BR,mobile,hspap,3,Claro,724,5,Claro BR,724,5,-77,-75,,,gps,25,-23.55953,-46.64886,"Rua Almirante Marques de Leão, Bela Vista, São Paulo, Região Imediata de São Paulo, RMSP, Região Intermediária de São Paulo, São Paulo, Southeast Region, 01330000, Brazil",BR Sistemax 10G - Sao Paulo,1882,2959,2862,3236,50,46,10,Timeout,21.75,OK,80.38,19886,19.2,29.9,0,Afternoon,A,Clear
3224245250367076,2019-11-21,12:15:01,android,2.4.11,c83a120c-82e9-3f9f-880e-e0f7bbbf29a9,187.26.146.x,Claro Mobile BR,Claro Mobile BR,mobile,lte,4,Claro,724,5,Claro BR,724,5,,,-93,-89,gps,24,-23.55953,-46.64883,"Rua Almirante Marques de Leão, Bela Vista, São Paulo, Região Imediata de São Paulo, RMSP, Região Intermediária de São Paulo, São Paulo, Southeast Region, 01330000, Brazil",BR Sistemax 10G - Sao Paulo,13856,18946,9986,13843,128,38,605,OK,28.37,OK,86.6,46725,19.2,29.9,0,Afternoon,A,Clear
3224244436468831,2019-11-21,12:08:23,android,2.4.11,c83a120c-82e9-3f9f-880e-e0f7bbbf29a9,189.40.88.x,TIM Mobile BR,TIM Mobile BR,mobile,lte,4,TIM,724,3,TIM,724,3,,,-93,-87,gps,21,-23.55952,-46.64885,"Rua Almirante Marques de Leão, Bela Vista, São Paulo, Região Imediata de São Paulo, RMSP, Região Intermediária de São Paulo, São Paulo, Southeast Region, 01330000, Brazil",BR Sistemax 10G - Sao Paulo,8568,13526,12196,15937,40,32,10,OK,37.55,OK,87.06,48939,19.2,29.9,0,Afternoon,A,Clear
3224243624065641,2019-11-21,12:01:47,android,2.4.11,c83a120c-82e9-3f9f-880e-e0f7bbbf29a9,189.40.88.x,TIM Mobile BR,TIM Mobile BR,mobile,hspap,3,TIM,724,3,TIM,724,3,-77,-63,,,gps,27,-23.55952,-46.64886,"Rua Almirante Marques de Leão, Bela Vista, São Paulo, Região Imediata de São Paulo, RMSP, Região Intermediária de São Paulo, São Paulo, Southeast Region, 01330000, Brazil",BR Sistemax 10G - Sao Paulo,8834,11675,3309,3402,35,33,9,OK,38.18,OK,85.95,42509,19.2,29.9,0,Afternoon,A,Clear
3224181579877721,2019-11-21,3:36:52,android,2.4.11,c83a120c-82e9-3f9f-880e-e0f7bbbf29a9,189.40.74.x,TIM Mobile BR,TIM Mobile BR,mobile,hspap,3,TIM,724,3,TIM,724,3,-79,-63,,,gps,25,-23.55954,-46.64883,"Rua Almirante Marques de Leão, Bela Vista, São Paulo, Região Imediata de São Paulo, RMSP, Região Intermediária de São Paulo, São Paulo, Southeast Region, 01330000, Brazil",BR Sistemax 10G - Sao Paulo,9054,12134,3202,3266,39,37,4,OK,42.24,OK,82.92,41619,19.2,29.9,0,Morning,A,Clear
3224181121975577,2019-11-21,3:33:08,android,2.4.11,c83a120c-82e9-3f9f-880e-e0f7bbbf29a9,189.40.74.x,TIM Mobile BR,TIM Mobile BR,mobile,lte,4,TIM,724,3,TIM,724,3,,,-95,-101,gps,22,-23.55952,-46.64887,"Rua Almirante Marques de Leão, Bela Vista, São Paulo, Região Imediata de São Paulo, RMSP, Região Intermediária de São Paulo, São Paulo, Southeast Region, 01330000, Brazil",BR Sistemax 10G - Sao Paulo,27208,29958,10369,12300,223,37,612,OK,36.49,OK,78.28,53165,19.2,29.9,0,Morning,A,Clear
3.22E+15,2019-11-21,3:28:53,android,2.4.11,c83a120c-82e9-3f9f-880e-e0f7bbbf29a9,179.242.185.x,Claro Mobile BR,Claro Mobile BR,mobile,hspap,3,Claro,724,5,Claro BR,724,5,-79,-81,,,gps,20,-23.55951,-46.64886,"Rua Almirante Marques de Leão, Bela Vista, São Paulo, Região Imediata de São Paulo, RMSP, Região Intermediária de São Paulo, São Paulo, Southeast Region, 01330000, Brazil",BR Sistemax 10G - Sao Paulo,7425,10318,3385,3471,53,50,17,OK,31.38,OK,83.57,33626,19.2,29.9,0,Morning,A,Clear
3.22E+15,2019-11-21,3:14:02,android,2.4.11,c83a120c-82e9-3f9f-880e-e0f7bbbf29a9,187.26.72.x,Claro Mobile BR,Claro Mobile BR,mobile,lte,4,Claro,724,5,Claro BR,724,5,,,-107,-115,gps,20,-23.55955,-46.6488,"Rua Almirante Marques de Leão, Bela Vista, São Paulo, Região Imediata de São Paulo, RMSP, Região Intermediária de São Paulo, São Paulo, Southeast Region, 01330000, Brazil",BR Sistemax 10G - Sao Paulo,8408,16084,4601,5968,42,38,14,OK,36.89,OK,88.3,42270,19.2,29.9,0,Morning,A,Clear
3.22E+15,2019-11-20,12:25:11,android,2.4.11,c83a120c-82e9-3f9f-880e-e0f7bbbf29a9,189.40.73.x,TIM Mobile BR,TIM Mobile BR,mobile,hspap,3,TIM,724,3,TIM,724,3,-67,-57,,,gps,20,-23.55956,-46.64876,"Rua Almirante Marques de Leão, Bela Vista, São Paulo, Região Imediata de São Paulo, RMSP, Região Intermediária de São Paulo, São Paulo, Southeast Region, 01330000, Brazil",BR Sistemax 10G - Sao Paulo,5620,8892,3325,3353,37,33,12,OK,34.63,OK,84.81,36761,19,29.6,0,Afternoon,A,Cloudy
3224068781710195,2019-11-20,12:18:54,android,2.4.11,c83a120c-82e9-3f9f-880e-e0f7bbbf29a9,189.40.89.x,TIM Mobile BR,TIM Mobile BR,mobile,lte,4,TIM,724,3,TIM,724,3,,,-96,-88,gps,20,-23.55956,-46.64878,"Rua Almirante Marques de Leão, Bela Vista, São Paulo, Região Imediata de São Paulo, RMSP, Região Intermediária de São Paulo, São Paulo, Southeast Region, 01330000, Brazil",BR Sistemax 10G - Sao Paulo,26533,29574,26585,29716,38,36,4,OK,42.68,OK,88.7,65782,19,29.6,0,Afternoon,A,Cloudy
3224066372267874,2019-11-20,11:59:18,android,2.4.11,c83a120c-82e9-3f9f-880e-e0f7bbbf29a9,187.26.128.x,Claro Mobile BR,Claro Mobile BR,mobile,hspap,3,Claro,724,5,Claro BR,724,5,-85,-73,,,gps,21,-23.55955,-46.64878,"Rua Almirante Marques de Leão, Bela Vista, São Paulo, Região Imediata de São Paulo, RMSP, Região Intermediária de São Paulo, São Paulo, Southeast Region, 01330000, Brazil",BR Sistemax 10G - Sao Paulo,4641,5789,1056,1124,1318,38,422,Timeout,7.02,OK,27.42,8467,19,29.6,0,Morning,A,Cloudy
3224065294807393,2019-11-20,11:50:32,android,2.4.11,c83a120c-82e9-3f9f-880e-e0f7bbbf29a9,179.242.163.x,Claro Mobile BR,Claro Mobile BR,mobile,lte,4,Claro,724,5,Claro BR,724,5,,,-104,-106,gps,25,-23.55953,-46.64869,"Rua Almirante Marques de Leão, Bela Vista, São Paulo, Região Imediata de São Paulo, RMSP, Região Intermediária de São Paulo, São Paulo, Southeast Region, 01330000, Brazil",BR Sistemax 10G - Sao Paulo,22946,30482,15811,17989,48,46,5,OK,36.33,OK,89.44,56203,19,29.6,0,Morning,A,Cloudy
3224006993253227,2019-11-20,3:56:04,android,2.4.11,c83a120c-82e9-3f9f-880e-e0f7bbbf29a9,189.40.89.x,TIM Mobile BR,TIM Mobile BR,mobile,hspap,3,TIM,724,3,TIM,724,3,-79,-61,,,gps,20,-23.55954,-46.64883,"Rua Almirante Marques de Leão, Bela Vista, São Paulo, Região Imediata de São Paulo, RMSP, Região Intermediária de São Paulo, São Paulo, Southeast Region, 01330000, Brazil",BR Sistemax 10G - Sao Paulo,7505,11006,3313,3364,36,34,5,OK,36.7,OK,83.29,39246,19,29.6,0,Morning,A,Cloudy
3224006572657469,2019-11-20,3:52:39,android,2.4.11,c83a120c-82e9-3f9f-880e-e0f7bbbf29a9,189.40.75.x,TIM Mobile BR,TIM Mobile BR,mobile,lte,4,TIM,724,3,TIM,724,3,,,-89,-91,gps,22,-23.55954,-46.64882,"Rua Almirante Marques de Leão, Bela Vista, São Paulo, Região Imediata de São Paulo, RMSP, Região Intermediária de São Paulo, São Paulo, Southeast Region, 01330000, Brazil",BR Sistemax 10G - Sao Paulo,29713,30386,26184,28195,37,30,12,OK,39.57,OK,84.96,65537,19,29.6,0,Morning,A,Cloudy
3224006088445088,2019-11-20,3:48:42,android,2.4.11,c83a120c-82e9-3f9f-880e-e0f7bbbf29a9,187.26.198.x,Claro Mobile BR,Claro Mobile BR,mobile,hspap,3,Claro,724,5,Claro BR,724,5,-93,-83,,,gps,24,-23.55954,-46.64884,"Rua Almirante Marques de Leão, Bela Vista, São Paulo, Região Imediata de São Paulo, RMSP, Região Intermediária de São Paulo, São Paulo, Southeast Region, 01330000, Brazil",BR Sistemax 10G - Sao Paulo,4690,7624,3189,3289,983,42,98,Timeout,10.8,OK,62.65,19859,19,29.6,0,Morning,A,Cloudy
3224005207278984,2019-11-20,3:41:32,android,2.4.11,c83a120c-82e9-3f9f-880e-e0f7bbbf29a9,179.242.180.x,Claro Mobile BR,Claro Mobile BR,mobile,lte,4,Claro,724,5,Claro BR,724,5,,,-106,-106,gps,22,-23.55954,-46.6488,"Rua Almirante Marques de Leão, Bela Vista, São Paulo, Região Imediata de São Paulo, RMSP, Região Intermediária de São Paulo, São Paulo, Southeast Region, 01330000, Brazil",BR Sistemax 10G - Sao Paulo,29232,30595,18776,21826,52,45,15,OK,36.54,OK,80.1,55352,19,29.6,0,Morning,A,Cloudy
3223970035256256,2019-11-19,22:55:18,android,2.4.11,c83a120c-82e9-3f9f-880e-e0f7bbbf29a9,189.40.88.x,TIM Mobile BR,TIM Mobile BR,mobile,hspap,3,TIM,724,3,TIM,724,3,-87,-77,,,gps,31,-23.55046,-46.64197,"Bradesco, 26, Viaduto Nove de Julho, República, São Paulo, Região Imediata de São Paulo, RMSP, Região Intermediária de São Paulo, São Paulo, Southeast Region, 01050-060, Brazil",BR Sistemax 10G - Sao Paulo,1701,2036,1114,1258,54,47,21,Timeout,18.47,OK,82.98,16135,17.8,27.2,0,Evening,B,
3223969654599766,2019-11-19,22:52:12,android,2.4.11,c83a120c-82e9-3f9f-880e-e0f7bbbf29a9,189.40.90.x,TIM Mobile BR,TIM Mobile BR,mobile,lte,4,TIM,724,3,TIM,724,3,,,-90,-93,gps,23,-23.55053,-46.64193,"Viaduto Jacareí, República, São Paulo, Região Imediata de São Paulo, RMSP, Região Intermediária de São Paulo, São Paulo, Southeast Region, 01319-900, Brazil",BR Sistemax 10G - Sao Paulo,2047,2575,1406,1981,39,36,6,Timeout,22.07,OK,82.29,20856,17.8,27.2,0,Evening,B,
3223969207222633,2019-11-19,22:48:34,android,2.4.11,c83a120c-82e9-3f9f-880e-e0f7bbbf29a9,179.242.173.x,Claro Mobile BR,Claro Mobile BR,mobile,hspap,3,Claro,724,5,Claro BR,724,5,-71,-59,,,gps,21,-23.55059,-46.64194,"Viaduto Jacareí, República, São Paulo, Região Imediata de São Paulo, RMSP, Região Intermediária de São Paulo, São Paulo, Southeast Region, 01319-900, Brazil",BR Sistemax 10G - Sao Paulo,4445,7031,3282,3428,122,46,493,OK,33.46,OK,83.43,30321,17.8,27.2,0,Evening,B,
3223968498041678,2019-11-19,22:42:48,android,2.4.11,c83a120c-82e9-3f9f-880e-e0f7bbbf29a9,187.26.179.x,Claro Mobile BR,Claro Mobile BR,mobile,lte,4,Claro,724,5,Claro BR,724,5,,,-91,-88,gps,19,-23.55067,-46.64184,"Viaduto Jacareí, República, São Paulo, Região Imediata de São Paulo, RMSP, Região Intermediária de São Paulo, São Paulo, Southeast Region, 01319-900, Brazil",BR Sistemax 10G - Sao Paulo,11301,20539,22163,23758,40,32,21,OK,34.09,OK,89.13,53936,17.8,27.2,0,Evening,B,
3223964316049107,2019-11-19,22:08:46,android,2.4.11,c83a120c-82e9-3f9f-880e-e0f7bbbf29a9,187.26.179.x,Claro Mobile BR,Claro Mobile BR,mobile,lte,4,Claro,724,5,Claro BR,724,5,,,-97,-94,gps,24,-23.55954,-46.64883,"Rua Almirante Marques de Leão, Bela Vista, São Paulo, Região Imediata de São Paulo, RMSP, Região Intermediária de São Paulo, São Paulo, Southeast Region, 01330000, Brazil",BR Sistemax 10G - Sao Paulo,1365,2758,11240,13347,38,36,6,Timeout,25.05,OK,87.97,28292,17.8,27.2,0,Evening,A,
3223963740266567,2019-11-19,22:04:05,android,2.4.11,c83a120c-82e9-3f9f-880e-e0f7bbbf29a9,187.26.179.x,Claro Mobile BR,Claro Mobile BR,mobile,hspap,3,Claro,724,5,Claro BR,724,5,-73,-75,,,gps,26,-23.55953,-46.64886,"Rua Almirante Marques de Leão, Bela Vista, São Paulo, Região Imediata de São Paulo, RMSP, Região Intermediária de São Paulo, São Paulo, Southeast Region, 01330000, Brazil",BR Sistemax 10G - Sao Paulo,1730,3522,3311,3389,39,36,19,OK,31.42,OK,80.45,24264,17.8,27.2,0,Evening,A,
3.22E+15,2019-11-19,21:59:42,android,2.4.11,c83a120c-82e9-3f9f-880e-e0f7bbbf29a9,189.40.91.x,TIM Mobile BR,TIM Mobile BR,mobile,hspap,3,TIM,724,3,TIM,724,3,-69,-69,,,gps,20,-23.55954,-46.64884,"Rua Almirante Marques de Leão, Bela Vista, São Paulo, Região Imediata de São Paulo, RMSP, Região Intermediária de São Paulo, São Paulo, Southeast Region, 01330000, Brazil",BR Sistemax 10G - Sao Paulo,4913,6856,3280,3441,35,31,6,OK,44.16,OK,84.15,38883,17.8,27.2,0,Evening,A,
3223962363269909,2019-11-19,21:52:52,android,2.4.11,c83a120c-82e9-3f9f-880e-e0f7bbbf29a9,189.40.91.x,TIM Mobile BR,TIM Mobile BR,mobile,lte,4,TIM,724,3,TIM,724,3,,,-101,-92,gps,24,-23.55954,-46.64884,"Rua Almirante Marques de Leão, Bela Vista, São Paulo, Região Imediata de São Paulo, RMSP, Região Intermediária de São Paulo, São Paulo, Southeast Region, 01330000, Brazil",BR Sistemax 10G - Sao Paulo,20847,23468,1473,2019,42,35,30,Timeout,25.18,OK,87.97,42770,17.8,27.2,0,Evening,A,
3223912157904812,2019-11-19,15:04:18,android,2.4.11,c83a120c-82e9-3f9f-880e-e0f7bbbf29a9,189.40.73.x,TIM Mobile BR,TIM Mobile BR,mobile,lte,4,TIM,724,3,TIM,724,3,,,-99,-92,gps,22,-23.55954,-46.64882,"Rua Almirante Marques de Leão, Bela Vista, São Paulo, Região Imediata de São Paulo, RMSP, Região Intermediária de São Paulo, São Paulo, Southeast Region, 01330000, Brazil",BR Sistemax 10G - Sao Paulo,2596,5190,7214,9292,42,36,18,OK,38.19,OK,84.36,33359,17.8,27.2,0,Afternoon,A,
3223911452238825,2019-11-19,14:58:33,android,2.4.11,c83a120c-82e9-3f9f-880e-e0f7bbbf29a9,189.40.73.x,TIM Mobile BR,TIM Mobile BR,mobile,hspap,3,TIM,724,3,TIM,724,3,-67,-61,,,gps,20,-23.55956,-46.64877,"Rua Almirante Marques de Leão, Bela Vista, São Paulo, Região Imediata de São Paulo, RMSP, Região Intermediária de São Paulo, São Paulo, Southeast Region, 01330000, Brazil",BR Sistemax 10G - Sao Paulo,2562,3535,3259,3389,37,33,9,Timeout,22.92,OK,81.56,26078,17.8,27.2,0,Afternoon,A,
3223907712235275,2019-11-19,14:28:07,android,2.4.11,c83a120c-82e9-3f9f-880e-e0f7bbbf29a9,179.242.167.x,Claro Mobile BR,Claro Mobile BR,mobile,lte,4,Claro,724,5,Claro BR,724,5,,,-95,-92,gps,20,-23.55956,-46.64878,"Rua Almirante Marques de Leão, Bela Vista, São Paulo, Região Imediata de São Paulo, RMSP, Região Intermediária de São Paulo, São Paulo, Southeast Region, 01330000, Brazil",BR Sistemax 10G - Sao Paulo,3248,6663,9943,14022,49,47,5,OK,38.18,OK,84.56,33938,17.8,27.2,0,Afternoon,A,
3223906229869693,2019-11-19,14:16:03,android,2.4.11,c83a120c-82e9-3f9f-880e-e0f7bbbf29a9,179.242.167.x,Claro Mobile BR,Claro Mobile BR,mobile,hspap,3,Claro,724,5,Claro BR,724,5,-85,-77,,,gps,22,-23.55953,-46.64882,"Rua Almirante Marques de Leão, Bela Vista, São Paulo, Região Imediata de São Paulo, RMSP, Região Intermediária de São Paulo, São Paulo, Southeast Region, 01330000, Brazil",BR Sistemax 10G - Sao Paulo,4185,6621,2857,3396,54,48,23,Timeout,11.48,OK,82.6,23171,17.8,27.2,0,Afternoon,A,
3223763416637072,2019-11-18,18:53:50,android,2.4.11,c83a120c-82e9-3f9f-880e-e0f7bbbf29a9,189.40.73.x,TIM Mobile BR,TIM Mobile BR,mobile,lte,4,TIM,724,3,TIM,724,3,,,-89,-106,gps,64,-23.6487,-46.52591,"Avenida dos Estados, Várzea do Tamanduateí, Santo André, Região Imediata de São Paulo, RMSP, Região Intermediária de São Paulo, São Paulo, Southeast Region, 09015-300, Brazil",BR Sistemax 10G - Sao Paulo,8703,16208,13355,19578,68,24,274,OK,53.32,OK,78.92,56272,16.4,25,0,Evening,C,
3223762575553822,2019-11-18,18:47:00,android,2.4.11,c83a120c-82e9-3f9f-880e-e0f7bbbf29a9,179.241.210.x,Claro Mobile BR,Claro Mobile BR,mobile,lte,4,Claro,724,5,Claro BR,724,5,,,-97,-94,gps,25,-23.6518,-46.52785,"A Nova Ferrovia, Rua Visconde de Taunay, Várzea do Tamanduateí, Santo André, Região Imediata de São Paulo, RMSP, Região Intermediária de São Paulo, São Paulo, Southeast Region, 09015-300, Brazil",BR Sistemax 10G - Sao Paulo,328,600,335,600,47,39,10,Timeout,10.28,OK,46.82,6413,16.4,25,0,Evening,C,
3223082995926542,2019-11-14,22:36:34,android,2.4.11,c83a120c-82e9-3f9f-880e-e0f7bbbf29a9,189.40.88.x,TIM Mobile BR,TIM Mobile BR,mobile,lte,4,TIM,724,3,TIM,724,3,,,-96,-91,gps,500,-23.5608,-46.64896,"Rua Almirante Marques de Leão, Bela Vista, São Paulo, Região Imediata de São Paulo, RMSP, Região Intermediária de São Paulo, São Paulo, Southeast Region, 01331-000, Brazil",BR Sistemax 10G - Sao Paulo,24851,28456,24291,28166,94,28,612,OK,47.34,OK,89.27,70487,19.7,23.8,13.6,Evening,A,Raining
3223080293312297,2019-11-14,22:14:34,android,2.4.11,c83a120c-82e9-3f9f-880e-e0f7bbbf29a9,179.242.179.x,Claro Mobile BR,Claro Mobile BR,mobile,lte,4,Claro,724,5,Claro BR,724,5,,,-105,-102,gps,500,-23.55743,-46.64956,"Estacionamento, Rua Rocha, Bela Vista, São Paulo, Região Imediata de São Paulo, RMSP, Região Intermediária de São Paulo, São Paulo, Southeast Region, 01330000, Brazil",BR Sistemax 10G - Sao Paulo,16482,20815,14930,17449,44,37,14,OK,39.65,OK,89.32,56508,19.7,23.8,13.6,Evening,A,Raining
3222879982782892,2019-11-13,19:04:26,android,2.4.11,c83a120c-82e9-3f9f-880e-e0f7bbbf29a9,187.26.167.x,Claro Mobile BR,Claro Mobile BR,mobile,lte,4,Claro,724,5,Claro BR,724,5,,,-101,-103,gps,25,-23.6516,-46.52763,"Passagem subterrânea para acesso aos terminais., Várzea do Tamanduateí, Santo André, Região Imediata de São Paulo, RMSP, Região Intermediária de São Paulo, São Paulo, Southeast Region, 09015-300, Brazil",BR Sistemax 10G - Sao Paulo,22961,31066,8185,11529,39,35,12,OK,40.35,OK,92.15,59081,17.8,28.2,0,Evening,C,Raining
3222879606821218,2019-11-13,19:01:23,android,2.4.11,c83a120c-82e9-3f9f-880e-e0f7bbbf29a9,189.40.91.x,TIM Mobile BR,TIM Mobile BR,mobile,lte,4,TIM,724,3,TIM,724,3,,,-106,-109,gps,21,-23.65166,-46.52779,"CPTM, Passagem subterrânea para acesso aos terminais., Centro, Santo André, Região Imediata de São Paulo, RMSP, Região Intermediária de São Paulo, São Paulo, Southeast Region, 09015-300, Brazil",BR Sistemax 10G - Sao Paulo,76,182,830,1925,63,39,31,Timeout,0,OK,0,0,17.8,28.2,0,Evening,C,Raining
3222688767722063,2019-11-12,17:08:19,android,2.4.11,c83a120c-82e9-3f9f-880e-e0f7bbbf29a9,189.40.88.x,TIM Mobile BR,TIM Mobile BR,mobile,lte,4,TIM,724,3,TIM,724,3,,,-108,-109,gps,22,-23.55117,-46.64176,"3º Cartório de Registro de Imóveis, 23, Rua Jacareí, República, São Paulo, Região Imediata de São Paulo, RMSP, Região Intermediária de São Paulo, São Paulo, Southeast Region, 01319-070, Brazil",BR Sistemax 10G - Sao Paulo,4374,6992,394,913,138,35,567,Timeout,16.33,OK,81.28,23151,17.5,25.2,0,Afternoon,B,Cloudy
3.22E+15,2019-11-12,16:46:18,android,2.4.11,c83a120c-82e9-3f9f-880e-e0f7bbbf29a9,189.94.39.x,Claro Mobile BR,Claro Mobile BR,mobile,lte,4,Claro,724,5,Claro BR,724,5,,,-105,-103,gps,19,-23.55117,-46.64176,"3º Cartório de Registro de Imóveis, 23, Rua Jacareí, República, São Paulo, Região Imediata de São Paulo, RMSP, Região Intermediária de São Paulo, São Paulo, Southeast Region, 01319-070, Brazil",BR Sistemax 10G - Sao Paulo,15946,22560,6145,7827,102,47,501,OK,32.22,OK,89.25,46123,17.5,25.2,0,Afternoon,B,Cloudy
3222541758716679,2019-11-11,21:11:58,android,2.4.11,c83a120c-82e9-3f9f-880e-e0f7bbbf29a9,191.246.3.x,Claro Mobile BR,Claro Mobile BR,mobile,lte,4,Claro,724,5,Claro BR,724,5,,,-100,-102,gps,21,-23.65169,-46.52765,"Passagem subterrânea para acesso aos terminais., Várzea do Tamanduateí, Santo André, Região Imediata de São Paulo, RMSP, Região Intermediária de São Paulo, São Paulo, Southeast Region, 09015-300, Brazil",BR Sistemax 10G - Sao Paulo,774,1523,3230,4484,48,44,12,Timeout,17.49,OK,0,2829,19.2,21.9,11.4,Evening,C,Raining
3222526967336878,2019-11-11,19:11:35,android,2.4.11,c83a120c-82e9-3f9f-880e-e0f7bbbf29a9,179.241.201.x,Claro Mobile BR,Claro Mobile BR,mobile,lte,4,Claro,724,5,Claro BR,724,5,,,-100,-100,gps,19,-23.65173,-46.52759,"Passagem subterrânea para acesso aos terminais., Várzea do Tamanduateí, Santo André, Região Imediata de São Paulo, RMSP, Região Intermediária de São Paulo, São Paulo, Southeast Region, 09015-300, Brazil",BR Sistemax 10G - Sao Paulo,22652,28313,3420,4437,45,38,12,Timeout,22.61,OK,88.3,44828,19.2,21.9,11.4,Evening,C,Raining
3222526524228975,2019-11-11,19:07:59,android,2.4.11,c83a120c-82e9-3f9f-880e-e0f7bbbf29a9,189.40.74.x,TIM Mobile BR,TIM Mobile BR,mobile,lte,4,TIM,724,3,TIM,724,3,,,-115,-101,gps,19,-23.65173,-46.52761,"Passagem subterrânea para acesso aos terminais., Várzea do Tamanduateí, Santo André, Região Imediata de São Paulo, RMSP, Região Intermediária de São Paulo, São Paulo, Southeast Region, 09015-300, Brazil",BR Sistemax 10G - Sao Paulo,65,181,29,297,161,35,150,Timeout,0,OK,37.3,4342,19.2,21.9,11.4,Evening,C,Raining
3222515512211698,2019-11-11,17:38:22,android,2.4.11,c83a120c-82e9-3f9f-880e-e0f7bbbf29a9,179.242.160.x,Claro Mobile BR,Claro Mobile BR,mobile,lte,4,Claro,724,5,Claro BR,724,5,,,-96,-93,gps,21,-23.55957,-46.64865,"Rua Almirante Marques de Leão, Bela Vista, São Paulo, Região Imediata de São Paulo, RMSP, Região Intermediária de São Paulo, São Paulo, Southeast Region, 01330000, Brazil",BR Sistemax 10G - Sao Paulo,1913,5624,11005,13228,42,37,12,Timeout,15.6,OK,83.99,26504,19.3,23.2,0,Evening,A,Cloudy
3222515141483972,2019-11-11,17:35:21,android,2.4.11,c83a120c-82e9-3f9f-880e-e0f7bbbf29a9,189.40.88.x,TIM Mobile BR,TIM Mobile BR,mobile,lte,4,TIM,724,3,TIM,724,3,,,-95,-97,gps,23,-23.55956,-46.64869,"Rua Almirante Marques de Leão, Bela Vista, São Paulo, Região Imediata de São Paulo, RMSP, Região Intermediária de São Paulo, São Paulo, Southeast Region, 01330000, Brazil",BR Sistemax 10G - Sao Paulo,7970,11536,99,341,98,28,141,OK,32.47,OK,83.76,35061,19.3,23.2,0,Evening,A,Cloudy
3222502795907964,2019-11-11,15:54:53,android,2.4.11,c83a120c-82e9-3f9f-880e-e0f7bbbf29a9,179.241.201.x,Claro Mobile BR,Claro Mobile BR,mobile,lte,4,Claro,724,5,Claro BR,724,5,,,-97,-99,gps,22,-23.55116,-46.64176,"3º Cartório de Registro de Imóveis, 23, Rua Jacareí, República, São Paulo, Região Imediata de São Paulo, RMSP, Região Intermediária de São Paulo, São Paulo, Southeast Region, 01319-070, Brazil",BR Sistemax 10G - Sao Paulo,29212,30309,11498,15203,40,36,6,OK,36.68,OK,89.32,59901,19.3,23.2,0,Afternoon,B,Cloudy
3221801927365978,2019-11-07,16:51:12,android,2.4.11,c83a120c-82e9-3f9f-880e-e0f7bbbf29a9,189.40.75.x,TIM Mobile BR,TIM Mobile BR,mobile,lte,4,TIM,724,3,TIM,724,3,,,-102,-114,gps,19,-23.55118,-46.64176,"3º Cartório de Registro de Imóveis, 23, Rua Jacareí, República, São Paulo, Região Imediata de São Paulo, RMSP, Região Intermediária de São Paulo, São Paulo, Southeast Region, 01319-070, Brazil",BR Sistemax 10G - Sao Paulo,1898,2987,758,1200,137,45,754,Timeout,7.06,OK,54.34,9973,16.9,24.5,0,Afternoon,B,Cloudy
3221786632972752,2019-11-07,14:46:44,android,2.4.11,c83a120c-82e9-3f9f-880e-e0f7bbbf29a9,177.58.245.x,Claro Mobile BR,Claro Mobile BR,mobile,lte,4,Claro,724,5,Claro BR,724,5,,,-99,-102,gps,19,-23.55117,-46.64176,"3º Cartório de Registro de Imóveis, 23, Rua Jacareí, República, São Paulo, Região Imediata de São Paulo, RMSP, Região Intermediária de São Paulo, São Paulo, Southeast Region, 01319-070, Brazil",BR Sistemax 10G - Sao Paulo,24161,34587,4987,7619,42,33,19,OK,40.45,OK,89.12,56543,16.9,24.5,0,Afternoon,B,Cloudy
,2019-11-06,22:10:01,,,,,,,,lte,4,Claro,,,,,,,,,-104,,,,,,,10490,,,,,,,,,,,,,,,Evening,A,Clear
,2019-11-06,22:00:05,,,,,,,,lte,4,TIM,,,,,,,,,-91,,,,,,,30500,,,,,,,,,,,,,,,Evening,A,Clear
,2019-11-06,16:03:00,,,,,,,,lte,4,TIM,,,,,,,,,-91,,,,,,,6290,,,,,,,,,,,,,,,Afternoon,A,Clear
,2019-11-05,15:25:00,,,,,,,,lte,4,Claro,,,,,,,,,-108,,,,,,,19450,,,,,,,,,,,,,,,Afternoon,B,Clear
,2019-11-05,15:08:00,,,,,,,,lte,4,TIM,,,,,,,,,-96,,,,,,,24690,,,,,,,,,,,,,,,Afternoon,B,Clear
,2019-11-04,23:48:23,,,,,,,,lte,4,Claro,,,,,,,,,-101,,,,,,,50,,,,,,,,,,,,,,,Evening,C,Clear
,2019-11-04,23:38:23,,,,,,,,lte,4,TIM,,,,,,,,,-110,,,,,,,150,,,,,,,,,,,,,,,Evening,C,Clear
,2019-10-21,8:15:23,,,,,,,,lte,4,Claro,,,,,,,,,-101,,,,,,,9730,,,,,,,,,,,,,,,Morning,B,Cloudy
,2019-10-21,8:10:45,,,,,,,,lte,4,TIM,,,,,,,,,-107,,,,,,,4270,,,,,,,,,,,,,,,Morning,B,Cloudy
,2019-10-18,15:06:00,,,,,,,,lte,4,Claro,,,,,,,,,-101,,,,,,,1510,,,,,,,,,,,,,,,Afternoon,B,Clear
,2019-10-18,9:15:34,,,,,,,,lte,4,Claro,,,,,,,,,-92,,,,,,,9640,,,,,,,,,,,,,,,Morning,A,Cloudy
,2019-10-18,9:08:38,,,,,,,,lte,4,TIM,,,,,,,,,-87,,,,,,,9680,,,,,,,,,,,,,,,Morning,A,Cloudy